id-int,name-string,pageIds-int[]
1,プロジェクトリソース,
2,プロジェクトリソース,
3,プロジェクトリソース,
4,怪物を殺す,7
5,怪物を殺す,8
6,怪物を殺す,9
7,怪物を殺す,10
8,怪物を殺す,11
9,怪物を殺す,12
10,怪物を殺す,13
11,怪物を殺す,14
12,怪物を殺す,16
13,怪物を殺す,17
14,怪物を殺す,18
15,怪物を殺す,19
16,怪物を殺す,20
17,怪物を殺す,21
18,怪物を殺す,22
19,怪物を殺す,23
20,怪物を殺す,24
21,怪物を殺す,25
22,怪物を殺す,26
23,怪物を殺す,27
24,怪物を殺す,28
25,怪物を殺す,29
26,怪物を殺す,30
27,怪物を殺す,31
28,怪物を殺す,32
29,怪物を殺す,33
30,怪物を殺す,34
31,しゅうごう,"35,36"
32,ダンジョンへの挑戦,411
33,しゅうごう,"37,38"
34,ダンジョンへの挑戦,412
35,しゅうごう,"39,40"
36,ダンジョンへの挑戦,413
37,しゅうごう,"41,42"
38,ダンジョンへの挑戦,414
39,しゅうごう,"43,44"
40,ダンジョンへの挑戦,415
41,しゅうごう,"45,46"
42,ダンジョンへの挑戦,416
43,しゅうごう,"47,48"
44,ダンジョンへの挑戦,427
45,しゅうごう,"49,50"
46,ダンジョンへの挑戦,428
47,しゅうごう,"51,52"
48,ダンジョンへの挑戦,429
49,しゅうごう,"53,54,55"
50,農業設備の解体,430
51,しゅうごう,"56,57"
52,作戦装備の撤去,431
53,しゅうごう,"58,59"
54,収集装置の取り外し,432
55,しゅうごう,"60,61"
56,手作り,433
57,しゅうごう,"62,63"
58,手作り,434
59,しゅうごう,"64,65"
60,手作り,435
61,しゅうごう,"66,67"
62,手作り,436
63,しゅうごう,"68,69"
64,手作り,437
65,しゅうごう,"70,71"
66,手作り,438
67,プロジェクトリソース,72
68,手作り,439
69,しゅうごう,"73,74,72"
70,手作り,440
71,しゅうごう,"75,76"
72,手作り,441
73,しゅうごう,"77,78"
74,手作り,442
75,しゅうごう,"79,80"
76,手作り,443
77,しゅうごう,"81,82"
78,手作り,444
79,しゅうごう,"83,84"
80,手作り,445
81,しゅうごう,"85,86"
82,手作り,446
83,しゅうごう,"87,88"
84,手作り,447
85,しゅうごう,"89,90"
86,手作り,448
87,に植える,384
88,に植える,385
89,に植える,386
90,に植える,387
91,に植える,388
92,に植える,389
93,に植える,390
94,に植える,391
95,に植える,392
96,に植える,393
97,に植える,394
98,に植える,395
99,に植える,396
100,に植える,397
101,に植える,398
102,に植える,399
103,に植える,400
104,に植える,401
105,に植える,402
106,に植える,403
107,に植える,404
108,に植える,405
109,に植える,406
110,に植える,407
111,に植える,408
112,に植える,409
113,に植える,410
114,家畜,356
115,家畜,357
116,家畜,358
117,家畜,359
118,家畜,360
119,家畜,361
120,家畜,362
121,家畜,363
122,家畜,365
123,家畜,366
124,家畜,367
125,家畜,368
126,家畜,369
127,家畜,370
128,家畜,371
129,家畜,372
130,家畜,373
131,家畜,374
132,家畜,375
133,家畜,376
134,家畜,377
135,家畜,378
136,家畜,379
137,家畜,380
138,家畜,381
139,家畜,382
140,家畜,383
141,手作り,91
142,手作り,92
143,手作り,93
144,手作り,94
145,手作り,95
146,手作り,96
147,手作り,97
148,手作り,98
149,手作り,99
150,手作り,100
151,手作り,101
152,手作り,102
153,手作り,103
154,手作り,104
155,手作り,105
156,手作り,106
157,手作り,107
158,手作り,108
159,手作り,109
160,手作り,110
161,手作り,111
162,手作り,112
163,手作り,113
164,手作り,114
165,手作り,115
166,手作り,116
167,手作り,117
168,手作り,118
169,手作り,119
170,手作り,120
171,手作り,121
172,手作り,122
173,手作り,123
174,手作り,124
175,手作り,125
176,手作り,126
177,手作り,127
178,手作り,128
179,手作り,129
180,手作り,130
181,手作り,131
182,手作り,132
183,手作り,133
184,手作り,134
185,手作り,135
186,手作り,136
187,手作り,137
188,手作り,138
189,手作り,139
190,手作り,140
191,手作り,141
192,手作り,142
193,手作り,143
194,手作り,144
195,手作り,145
196,手作り,146
197,手作り,147
198,手作り,148
199,手作り,149
200,手作り,150
201,手作り,151
202,手作り,152
203,手作り,153
204,手作り,154
205,手作り,155
206,手作り,156
207,手作り,157
208,手作り,158
209,手作り,159
210,手作り,160
211,手作り,161
212,手作り,162
213,手作り,163
214,手作り,164
215,手作り,165
216,手作り,166
217,手作り,167
218,手作り,168
219,手作り,169
220,手作り,170
221,手作り,171
222,手作り,172
223,手作り,173
224,手作り,174
225,手作り,175
226,手作り,176
227,手作り,177
228,手作り,178
229,手作り,179
230,手作り,180
231,手作り,181
232,手作り,182
233,手作り,183
234,手作り,184
235,手作り,185
236,手作り,186
237,手作り,187
238,手作り,188
239,手作り,189
240,手作り,190
241,手作り,191
242,手作り,192
243,手作り,193
244,手作り,194
245,手作り,195
246,手作り,196
247,手作り,197
248,手作り,198
249,手作り,199
250,手作り,200
251,手作り,201
252,手作り,202
253,手作り,203
254,手作り,204
255,手作り,205
256,手作り,206
257,手作り,207
258,手作り,208
259,手作り,209
260,手作り,210
261,手作り,211
262,手作り,212
263,手作り,213
264,手作り,214
265,手作り,215
266,手作り,216
267,手作り,217
268,手作り,218
269,手作り,219
270,手作り,220
271,手作り,221
272,手作り,222
273,手作り,223
274,手作り,224
275,手作り,225
276,手作り,226
277,手作り,227
278,手作り,228
279,手作り,229
280,手作り,230
281,手作り,231
282,手作り,232
283,手作り,233
284,手作り,234
285,手作り,235
286,手作り,236
287,手作り,237
288,手作り,238
289,手作り,239
290,手作り,240
291,手作り,241
292,手作り,242
293,手作り,243
294,手作り,244
295,手作り,245
296,手作り,246
297,手作り,247
298,手作り,248
299,手作り,249
300,手作り,250
301,手作り,251
302,手作り,252
303,手作り,253
304,手作り,254
305,手作り,255
306,手作り,256
307,手作り,257
308,手作り,258
309,手作り,259
310,手作り,260
311,手作り,261
312,手作り,262
313,手作り,263
314,手作り,264
315,手作り,265
316,手作り,266
317,手作り,267
318,手作り,268
319,手作り,269
320,手作り,270
321,手作り,271
322,手作り,272
323,手作り,273
324,手作り,274
325,手作り,275
326,手作り,276
327,手作り,277
328,手作り,278
329,手作り,280
330,手作り,281
331,手作り,282
332,手作り,283
333,手作り,284
334,手作り,285
335,手作り,286
336,手作り,287
337,手作り,288
338,手作り,289
339,手作り,290
340,手作り,291
341,手作り,292
342,手作り,293
343,手作り,294
344,手作り,295
345,手作り,296
346,手作り,297
347,手作り,298
348,手作り,299
349,手作り,300
350,手作り,301
351,手作り,302
352,手作り,303
353,手作り,304
354,手作り,305
355,手作り,306
356,手作り,307
357,手作り,308
358,手作り,309
359,手作り,310
360,手作り,311
361,手作り,312
362,手作り,313
363,手作り,314
364,手作り,315
365,手作り,316
366,手作り,317
367,手作り,318
368,手作り,319
369,手作り,320
370,手作り,321
371,手作り,322
372,手作り,323
373,手作り,324
374,手作り,325
375,手作り,326
376,手作り,327
377,手作り,328
378,手作り,329
379,手作り,330
380,手作り,331
381,手作り,332
382,手作り,333
383,手作り,334
384,手作り,335
385,手作り,336
386,手作り,337
387,手作り,338
388,手作り,339
389,手作り,340
390,手作り,341
391,手作り,342
392,手作り,343
393,手作り,344
394,手作り,345
395,手作り,346
396,手作り,347
397,手作り,348
398,手作り,349
399,手作り,350
400,手作り,351
401,手作り,352
402,手作り,353
403,手作り,354
404,農業ランキング,"417,599,600"
405,農業ランキング,"418,599,600"
406,農業ランキング,"419,599,600"
407,バトルランキング,"420,599,600"
408,バトルランキング,"421,599,600"
409,バトルランキング,"422,599,600"
410,収集ランキング,"423,599,600"
411,収集ランキング,"424,599,600"
412,収集ランキング,"425,599,600"
413,日常的なタスク,426
414,手作り,449
415,手作り,450
416,手作り,"451,460,469,478"
417,手作り,"452,461,470,479"
418,手作り,"453,462,471,480"
419,手作り,"454,463,472,481"
420,手作り,"455,464,473,482"
421,手作り,"456,465,474,483"
422,手作り,"457,466,475,484"
423,手作り,"458,467,476,485"
424,手作り,"459,468,477,486"
425,手作り,487
426,手作り,488
427,手作り,489
428,手作り,490
429,手作り,491
430,手作り,492
431,手作り,493
432,手作り,494
433,手作り,495
434,手作り,496
435,手作り,497
436,手作り,498
437,手作り,499
438,手作り,500
439,手作り,501
440,手作り,502
441,手作り,503
442,手作り,504
443,キャプチャ,505
444,キャプチャ,506
445,キャプチャ,507
446,キャプチャ,508
447,キャプチャ,509
448,キャプチャ,510
449,キャプチャ,511
450,キャプチャ,512
451,キャプチャ,513
452,キャプチャ,514
453,キャプチャ,515
454,キャプチャ,516
455,キャプチャ,517
456,キャプチャ,518
457,キャプチャ,519
458,キャプチャ,520
459,キャプチャ,521
460,キャプチャ,522
461,キャプチャ,523
462,キャプチャ,524
463,キャプチャ,525
464,キャプチャ,526
465,キャプチャ,527
466,キャプチャ,528
467,キャプチャ,529
468,キャプチャ,530
469,キャプチャ,531
470,PvEPダンジョンチャレンジ,532
471,PvEPダンジョンチャレンジ,533
472,PvEPダンジョンチャレンジ,534
473,手作り,"535,536,537,538,539,540,541,542,543"
474,手作り,"544,545,546"
475,世界のボスを殺す,
476,世界のボスを殺す,
477,,
478,,
479,,
480,,
481,,
482,ボスの追加空中投下活動,"552,553,554"
483,ボスの追加空中投下活動,"555,556,557"
484,ボスの追加空中投下活動,"558,559,560"
485,大規模なパーティーの追加空中投下活動,"561,562,563"
486,大規模なパーティーの追加空中投下活動,"564,565,566"
487,大規模なパーティーの追加空中投下活動,"567,568,569"
488,大作物の追加降下事象,"570,571,572"
489,大作物の追加降下事象,"573,574,575"
490,大作物の追加降下事象,"576,577,578"
491,,
492,,
493,,
494,,
495,,
496,,
497,,
498,,
499,,
500,,
501,,
502,,
503,,
504,,
505,,
506,,
507,,
508,,
510,余分な落下規則,"579,580,581"
511,怪物を殺す,547
512,家畜,548
513,しゅうごう,549
514,しゅうごう,550
515,しゅうごう,551
516,トーテム採鉱,582
517,手作り,585
518,手作り,586
519,手作り,587
520,より強くなる,"588,589,590"
521,保護スライム,591
522,手作り,592
523,トーテム採鉱,583
524,トーテム採鉱,584
526,リーダーボード,601
